{
  "$schema": "https://design-tokens.github.io/community-group/format/",
  "metadata": {
    "name": "Dead on Film Theme",
    "description": "Design tokens for light and dark mode",
    "version": "1.0.0"
  },
  
  "color": {
    "surface": {
      "base": {
        "$type": "color",
        "$value": {
          "light": "#f5f0e8",
          "dark": "#1a1613"
        },
        "$description": "Primary page background"
      },
      "elevated": {
        "$type": "color",
        "$value": {
          "light": "#ffffff",
          "dark": "#252119"
        },
        "$description": "Cards, modals, elevated surfaces"
      },
      "muted": {
        "$type": "color",
        "$value": {
          "light": "#e8dcc8",
          "dark": "#2d2720"
        },
        "$description": "Secondary cards, hover states"
      },
      "inset": {
        "$type": "color",
        "$value": {
          "light": "#ded4c4",
          "dark": "#151311"
        },
        "$description": "Input backgrounds, inset elements"
      }
    },
    
    "text": {
      "primary": {
        "$type": "color",
        "$value": {
          "light": "#2c1810",
          "dark": "#f0ebe4"
        },
        "$description": "Headings, body text"
      },
      "secondary": {
        "$type": "color",
        "$value": {
          "light": "#6b5b4f",
          "dark": "#c4b8a8"
        },
        "$description": "Secondary info, captions"
      },
      "muted": {
        "$type": "color",
        "$value": {
          "light": "#8a7b6b",
          "dark": "#9a8d7d"
        },
        "$description": "Placeholder, disabled states"
      }
    },
    
    "deceased": {
      "primary": {
        "$type": "color",
        "$value": {
          "light": "#8b0000",
          "dark": "#e85c5c"
        },
        "$description": "Actor names, dates for deceased"
      },
      "hover": {
        "$type": "color",
        "$value": {
          "light": "#6b0000",
          "dark": "#ff7070"
        },
        "$description": "Hover state for deceased links"
      },
      "background": {
        "$type": "color",
        "$value": {
          "light": "#faf5f5",
          "dark": "#2a1f1f"
        },
        "$description": "Background for deceased cards"
      },
      "border": {
        "$type": "color",
        "$value": {
          "light": "#d4a5a5",
          "dark": "#5c3838"
        },
        "$description": "Border for deceased elements"
      },
      "tabActive": {
        "$type": "color",
        "$value": {
          "light": "#8b0000",
          "dark": "#c94a4a"
        },
        "$description": "Active deceased tab background"
      }
    },
    
    "living": {
      "primary": {
        "$type": "color",
        "$value": {
          "light": "#b8860b",
          "dark": "#e8b84a"
        },
        "$description": "Actor names, ages for living"
      },
      "hover": {
        "$type": "color",
        "$value": {
          "light": "#6b5010",
          "dark": "#ffd666"
        },
        "$description": "Hover state for living links"
      },
      "background": {
        "$type": "color",
        "$value": {
          "light": "#faf6e9",
          "dark": "#282418"
        },
        "$description": "Background for living cards"
      },
      "border": {
        "$type": "color",
        "$value": {
          "light": "#d4af37",
          "dark": "#6b5c2e"
        },
        "$description": "Border for living elements"
      },
      "tabActive": {
        "$type": "color",
        "$value": {
          "light": "#b8860b",
          "dark": "#c9a227"
        },
        "$description": "Active living tab background"
      }
    },
    
    "lifespan": {
      "early": {
        "$type": "color",
        "$value": {
          "light": "#8b0000",
          "dark": "#e05555"
        },
        "$description": "Life bar - died earlier than expected"
      },
      "earlyTrack": {
        "$type": "color",
        "$value": {
          "light": "#f5e5e5",
          "dark": "#3a2525"
        },
        "$description": "Track background for early death"
      },
      "longer": {
        "$type": "color",
        "$value": {
          "light": "#228b22",
          "dark": "#4caf50"
        },
        "$description": "Life bar - lived longer than expected"
      },
      "longerTrack": {
        "$type": "color",
        "$value": {
          "light": "#e5f5e5",
          "dark": "#253a25"
        },
        "$description": "Track background for longer life"
      },
      "expected": {
        "$type": "color",
        "$value": {
          "light": "#9a8d7d",
          "dark": "#6a5d4d"
        },
        "$description": "Expected lifespan marker"
      }
    },
    
    "decorative": {
      "circle": {
        "background": {
          "$type": "color",
          "$value": {
            "light": "#f5f0e8",
            "dark": "#201c18"
          },
          "$description": "Percentage circle inner fill"
        },
        "track": {
          "$type": "color",
          "$value": {
            "light": "#e8dcc8",
            "dark": "#3d3530"
          },
          "$description": "Progress track"
        },
        "progress": {
          "$type": "color",
          "$value": {
            "light": "#8b0000",
            "dark": "#c94a4a"
          },
          "$description": "Progress arc"
        },
        "ornament": {
          "$type": "color",
          "$value": {
            "light": "#d4c4a8",
            "dark": "#4d443a"
          },
          "$description": "Decorative dots around circle"
        }
      },
      "timeline": {
        "line": {
          "$type": "color",
          "$value": {
            "light": "#d4c4a8",
            "dark": "#4d443a"
          },
          "$description": "Vertical timeline line"
        },
        "dot": {
          "$type": "color",
          "$value": {
            "light": "#8b0000",
            "dark": "#c94a4a"
          },
          "$description": "Death markers on timeline"
        },
        "dotNeutral": {
          "$type": "color",
          "$value": {
            "light": "#b8860b",
            "dark": "#c9a227"
          },
          "$description": "Movie release marker"
        }
      }
    },
    
    "interactive": {
      "button": {
        "primaryBackground": {
          "$type": "color",
          "$value": {
            "light": "#6b4423",
            "dark": "#c9a227"
          },
          "$description": "Primary button background"
        },
        "primaryText": {
          "$type": "color",
          "$value": {
            "light": "#ffffff",
            "dark": "#1a1613"
          },
          "$description": "Primary button text"
        },
        "secondaryBorder": {
          "$type": "color",
          "$value": {
            "light": "#6b4423",
            "dark": "#9a8d7d"
          },
          "$description": "Secondary button border"
        },
        "secondaryText": {
          "$type": "color",
          "$value": {
            "light": "#6b4423",
            "dark": "#c4b8a8"
          },
          "$description": "Secondary button text"
        }
      },
      "input": {
        "background": {
          "$type": "color",
          "$value": {
            "light": "#ffffff",
            "dark": "#1a1613"
          },
          "$description": "Input field background"
        },
        "border": {
          "$type": "color",
          "$value": {
            "light": "#d4c4a8",
            "dark": "#4d443a"
          },
          "$description": "Input field border"
        },
        "focusBorder": {
          "$type": "color",
          "$value": {
            "light": "#8b6914",
            "dark": "#c9a227"
          },
          "$description": "Input focus border"
        }
      }
    },
    
    "tag": {
      "background": {
        "$type": "color",
        "$value": {
          "light": "#f0ebe4",
          "dark": "#2d2720"
        },
        "$description": "Tag/badge background"
      },
      "border": {
        "$type": "color",
        "$value": {
          "light": "#d4c4a8",
          "dark": "#4d443a"
        },
        "$description": "Tag border"
      },
      "text": {
        "$type": "color",
        "$value": {
          "light": "#6b5b4f",
          "dark": "#c4b8a8"
        },
        "$description": "Tag text"
      },
      "hoverBackground": {
        "$type": "color",
        "$value": {
          "light": "#e8dcc8",
          "dark": "#3d3530"
        },
        "$description": "Tag hover state"
      }
    },
    
    "tooltip": {
      "background": {
        "$type": "color",
        "$value": {
          "light": "#3d2914",
          "dark": "#f0ebe4"
        },
        "$description": "Tooltip background"
      },
      "text": {
        "$type": "color",
        "$value": {
          "light": "#f5f0e8",
          "dark": "#2c1810"
        },
        "$description": "Tooltip text"
      }
    }
  },
  
  "typography": {
    "fontFamily": {
      "display": {
        "$type": "fontFamily",
        "$value": ["Playfair Display", "Georgia", "serif"],
        "$description": "Headlines, logo"
      },
      "body": {
        "$type": "fontFamily",
        "$value": ["Inter", "system-ui", "sans-serif"],
        "$description": "Body text, UI elements"
      }
    }
  },
  
  "shadow": {
    "card": {
      "$type": "shadow",
      "$value": {
        "light": "0 1px 3px rgba(0, 0, 0, 0.08), 0 1px 2px rgba(0, 0, 0, 0.06)",
        "dark": "0 1px 3px rgba(0, 0, 0, 0.3), 0 1px 2px rgba(0, 0, 0, 0.2)"
      },
      "$description": "Default card shadow"
    },
    "elevated": {
      "$type": "shadow",
      "$value": {
        "light": "0 4px 6px rgba(0, 0, 0, 0.07), 0 2px 4px rgba(0, 0, 0, 0.05)",
        "dark": "0 4px 6px rgba(0, 0, 0, 0.4), 0 2px 4px rgba(0, 0, 0, 0.3)"
      },
      "$description": "Elevated element shadow"
    }
  },
  
  "accessibility": {
    "$description": "WCAG contrast ratios for dark mode combinations",
    "textPrimaryOnSurfaceBase": {
      "ratio": "13.8:1",
      "grade": "AAA"
    },
    "textSecondaryOnSurfaceBase": {
      "ratio": "8.2:1",
      "grade": "AAA"
    },
    "textMutedOnSurfaceBase": {
      "ratio": "4.7:1",
      "grade": "AA"
    },
    "deceasedPrimaryOnDeceasedBg": {
      "ratio": "8.5:1",
      "grade": "AAA"
    },
    "livingPrimaryOnLivingBg": {
      "ratio": "7.9:1",
      "grade": "AAA"
    }
  }
}
